date_time,temperatura,flujo,presion
2024-01-01 00:00:00,25.993428306022466,104.63088773765821,101.699677718293
2024-01-01 01:00:00,24.873408905469663,109.54708320235065,101.46231684145638
2024-01-01 02:00:00,26.59487732614187,93.00716213090429,101.02981518496009
2024-01-01 03:00:00,28.494374110236848,102.81484618345286,100.67653161114721
2024-01-01 04:00:00,25.12770124293851,96.74678715439086,101.3491116568068
2024-01-01 05:00:00,25.273937963865208,97.56437308117651,101.19674269271087
2024-01-01 06:00:00,29.0449862509988,97.03803037880566,101.44759661001386
2024-01-01 07:00:00,27.563562880672173,95.68004615160092,101.31758590084098
2024-01-01 08:00:00,25.22930625505605,100.24260813972414,101.52477635765966
2024-01-01 09:00:00,27.39001668950562,95.84524941794481,100.73238239421971
2024-01-01 10:00:00,25.511441230187682,101.3522841288992,101.65869703281716
2024-01-01 11:00:00,25.636602179651465,99.74880945275432,101.0987998023462
2024-01-01 12:00:00,27.177851963317174,98.80525976566796,102.03763043631264
2024-01-01 13:00:00,22.988998727892522,95.462181689792,100.65540609095521
2024-01-01 14:00:00,23.482817396687008,97.11614334715834,101.86798190158262
2024-01-01 15:00:00,25.920341221588057,103.77695612912878,101.09895539173132
2024-01-01 16:00:00,25.12640603202972,102.5045859381219,100.67429099819277
2024-01-01 17:00:00,27.882335880611425,95.11222377600724,100.75805708297284
2024-01-01 18:00:00,25.533932577840027,100.49666152714613,100.83982634590284
2024-01-01 19:00:00,24.615639111697536,103.75693561685894,101.21208297320096
2024-01-01 20:00:00,30.455710492266796,91.65297359439315,101.26141774401775
2024-01-01 21:00:00,27.15071707580898,102.71680096189968,100.71314999803072
2024-01-01 22:00:00,27.808678489560155,96.68688120527077,100.98782270386951
2024-01-01 23:00:00,24.88879544835465,102.8529933429658,102.07113517930593
2024-01-02 00:00:00,26.707351808851314,96.18370421728741,101.86377158505036
2024-01-02 01:00:00,28.06879903748649,90.9755894966774,101.21816183483702
2024-01-02 02:00:00,25.588687401406972,91.86228781058419,101.0190017390841
2024-01-02 03:00:00,28.67856611017132,100.24042473330691,101.06001566335912
2024-01-02 04:00:00,26.75507181012777,101.2986125086074,101.30675898636521
2024-01-02 05:00:00,27.394751473526213,95.47841687447796,100.48860371740079
2024-01-02 06:00:00,26.78907173535337,103.19296229388686,100.87131173128833
2024-01-02 07:00:00,31.703907661585948,91.6923996886552,100.16570796306121
2024-01-02 08:00:00,27.97172635964865,99.66960100676341,101.19961156130265
2024-01-02 09:00:00,25.875173227449956,93.94491900118771,101.32359796985138
2024-01-02 10:00:00,29.620084255563782,96.7408194609892,100.7584067688503
2024-01-02 11:00:00,25.510270540679763,100.23699335658208,101.78699338164502
2024-01-02 12:00:00,28.3392700826441,95.69793317358024,100.38711716849883
2024-01-02 13:00:00,23.96448536116635,98.07722227885087,100.26781255989509
2024-01-02 14:00:00,25.18252816526538,105.0314640460722,101.11222590927999
2024-01-02 15:00:00,28.180601616749854,97.11554065238425,101.52354915130607
2024-01-02 16:00:00,29.204825440467864,104.1784605603257,101.84196384572894
2024-01-02 17:00:00,28.004823668280068,94.35146572671191,100.77055786856553
2024-01-02 18:00:00,27.358331535170137,102.64902088957642,101.53934041671565
2024-01-02 19:00:00,26.908488981216916,107.2078431032895,100.98074576524965
2024-01-02 20:00:00,24.468445230723916,87.64177749936356,100.9136863500296
2024-01-02 21:00:00,25.89453117387435,96.01552372264761,101.44182996874333
2024-01-02 22:00:00,26.315838094610584,102.8853606359027,101.32616143920671
2024-01-02 23:00:00,29.248664510810364,98.98477306978504,100.21180392150788
2024-01-03 00:00:00,27.713626120790373,101.85572936685655,101.73827017486295
2024-01-03 01:00:00,23.387213795678043,96.9800740664209,101.69004567707373
2024-01-03 02:00:00,50.0,100.4329489373645,100.68721864924524
2024-01-03 03:00:00,25.90288659134162,99.2216138230396,101.1979017667187
2024-01-03 04:00:00,25.192660114852472,105.83891030829903,101.24701509314137
2024-01-03 05:00:00,27.639444201551385,101.27210421650607,101.13033688291195
2024-01-03 06:00:00,28.34413868569339,101.68801331037601,100.72484742307729
2024-01-03 07:00:00,28.007543214389393,97.94061516938767,100.66418831603097
2024-01-03 08:00:00,24.326529404022438,97.56196887963753,100.98722296450428
2024-01-03 09:00:00,25.244009285325205,97.8372090609019,101.58636450962969
2024-01-03 10:00:00,26.380274850449073,101.97226071189148,101.27180007729721
2024-01-03 11:00:00,27.5223581963278,97.89507759589868,100.81469283395694
2024-01-03 12:00:00,24.46501154848902,101.44887428448206,101.38584935532417
2024-01-03 13:00:00,24.903075973369678,110.37700399322719,99.57572868968496
2024-01-03 14:00:00,22.912072039287814,104.35562351715846,101.57438285018605
2024-01-03 15:00:00,22.582365009737213,98.3698823391608,100.13014311061094
2024-01-03 16:00:00,26.449929214505655,106.00606961081972,100.81877952929844
2024-01-03 17:00:00,27.38789465355132,97.95962313489224,100.44016505268692
2024-01-03 18:00:00,24.382742674409588,89.80937732411073,100.35265926213955
2024-01-03 19:00:00,26.386359880763848,94.95956844541298,101.58041339368926
2024-01-03 20:00:00,24.956648744014775,90.64604039487072,100.76614939934406
2024-01-03 21:00:00,22.799135952664464,98.24243257979346,101.17325194086536
2024-01-03 22:00:00,24.67044152794797,100.09209189594776,100.9765397105604
2024-01-03 23:00:00,26.884628631074058,108.38218656137641,101.23852041361157
2024-01-04 00:00:00,23.60078659189554,101.63463686882082,101.03841094553013
2024-01-04 01:00:00,26.668927365660913,98.90449735595568,100.35850388790571
2024-01-04 02:00:00,18.17100136909503,104.14702790591744,101.49813340972356
2024-01-04 03:00:00,24.929121052523417,88.94432345496057,100.75312170841934
2024-01-04 04:00:00,23.338520463648184,101.17807279054283,100.22170905067013
2024-01-04 05:00:00,22.450109887872763,103.85432596943484,100.78594241951704
2024-01-04 06:00:00,23.120223075519082,92.60706877110078,101.75037989531715
2024-01-04 07:00:00,18.85529779853868,105.71877021603464,101.42511087105675
2024-01-04 08:00:00,22.290248738401193,101.69248203747208,100.82567393279606
2024-01-04 09:00:00,23.34864937974491,97.923560430496,100.82537114784078
2024-01-04 10:00:00,25.500956756289803,103.16390933053142,100.83918247439131
2024-01-04 11:00:00,21.425508460226364,111.35346428902199,102.03837399178042
2024-01-04 12:00:00,20.76828547697286,100.90933127529247,101.19096772611577
2024-01-04 13:00:00,21.31151783814518,101.24110293150169,101.21502082359554
2024-01-04 14:00:00,24.082306425155785,97.70319550229878,101.51514172701592
2024-01-04 15:00:00,22.85234448664402,95.75077815267605,101.11939457951325
2024-01-04 16:00:00,21.085673370797373,104.15167908272123,100.87047892708965
2024-01-04 17:00:00,23.129215684364794,95.71958087045566,100.90182507545751
2024-01-04 18:00:00,22.261564745700788,100.35783118609696,100.96419937029297
2024-01-04 19:00:00,23.97675840555607,97.61171276617442,100.98138888174508
2024-01-04 20:00:00,20.6148208013449,102.39489912873196,101.3638147718185
2024-01-04 21:00:00,21.350512390527825,101.66831052643474,101.02597294290365
2024-01-04 22:00:00,21.21601392104338,105.18769972128949,101.3663200386078
2024-01-04 23:00:00,19.07509173680963,97.44991800572626,100.95964170994571
2024-01-05 00:00:00,22.60374672762163,98.65062532353315,101.03931759515804
2024-01-05 01:00:00,22.55047093645964,95.10618142108846,100.00089965773395
2024-01-05 02:00:00,22.062869075411925,97.77853369961944,101.45816383735124
2024-01-05 03:00:00,21.615116525044243,101.88650246522425,101.17324423794899
2024-01-05 04:00:00,19.292485691909757,103.78494308322676,101.49900505492982
2024-01-05 05:00:00,21.32806334856156,95.38917337911187,99.55187231090315
2024-01-05 06:00:00,21.537126919963264,104.3480296005283,102.04418735239037
2024-01-05 07:00:00,20.678145537150648,106.77818929402476,100.93020518592242
2024-01-05 08:00:00,22.027064609507523,102.0671745161185,101.55409140836876
2024-01-05 09:00:00,23.231298233349303,109.38397906279033,100.48004703643724
2024-01-05 10:00:00,26.275569475749357,96.13105400448214,101.30638695253128
2024-01-05 11:00:00,22.93859515810721,93.77672648344291,100.47329221841318
2024-01-05 12:00:00,23.196807318777566,91.10639875547861,100.6881155196521
2024-01-05 13:00:00,22.630876237000983,107.48022155744592,101.9570156769334
2024-01-05 14:00:00,19.04583659269074,103.27182828177028,100.90465879961833
2024-01-05 15:00:00,22.93925267727278,99.72207664544773,101.10871643658986
2024-01-05 16:00:00,23.22666050626509,101.3998431315991,101.43503386534438
2024-01-05 17:00:00,28.151337483077544,94.37255476350812,101.2478409439863
2024-01-05 18:00:00,22.96322144264484,112.22875989808414,101.07520945257178
2024-01-05 19:00:00,24.078257452169453,100.64610590987614,101.18248050123312
2024-01-05 20:00:00,23.536769922348242,100.54697397302446,102.20170779261913
2024-01-05 21:00:00,21.403351871241355,103.62883311949346,100.9711906014832
2024-01-05 22:00:00,26.164015634539336,102.40504615868356,101.10054952335749
2024-01-05 23:00:00,25.522701620764327,101.11942012139566,101.52532719800381
2024-01-06 00:00:00,25.743817399489316,96.04762772277344,101.552762966479
2024-01-06 01:00:00,22.487991725512344,102.35734178567998,101.59351515278018
2024-01-06 02:00:00,27.25910110905591,109.41012248237517,101.31936511101459
2024-01-06 03:00:00,21.79792214785789,106.7271002307749,100.42849754363476
2024-01-06 04:00:00,25.924445979148054,107.96593313319698,101.81671576615055
2024-01-06 05:00:00,29.281373601977286,97.44392161784407,100.42682730349065
2024-01-06 06:00:00,23.06936905119167,95.0519758987071,101.15131773261952
2024-01-06 07:00:00,24.067699515359124,99.37106539950176,100.62286207499032
2024-01-06 08:00:00,25.548950344726766,100.27862456144348,100.96793082670351
2024-01-06 09:00:00,24.491175009362472,105.47095759235474,101.16438120515174
2024-01-06 10:00:00,22.54403310213118,91.5376768514259,101.16067860772513
2024-01-06 11:00:00,25.92810649673039,107.64775159730307,101.21096037711764
2024-01-06 12:00:00,23.81001666308792,99.20996050710505,101.80685563452933
2024-01-06 13:00:00,27.023116421748764,97.8655946502629,101.22676715075698
2024-01-06 14:00:00,24.37570129338219,94.93947812369916,100.87792168235468
2024-01-06 15:00:00,29.45000103137693,91.72571664067115,101.48204358414418
2024-01-06 16:00:00,24.91583346874335,104.11585291980957,101.59473524446231
2024-01-06 17:00:00,25.96671977493268,100.36658983594202,100.3861960924315
2024-01-06 18:00:00,28.36235372790394,93.55019550129472,101.29870003492493
2024-01-06 19:00:00,24.393729751621162,93.52460613968192,101.35058637115544
2024-01-06 20:00:00,27.425879665364626,98.32107650354936,100.85121824832001
2024-01-06 21:00:00,29.695820343354146,108.34510762644696,101.6878534066558
2024-01-06 22:00:00,23.971940651255174,98.70204324318198,100.92497220648373
2024-01-06 23:00:00,27.656080994148844,92.48428523440947,101.06278822673578
2024-01-07 00:00:00,27.900769180044303,98.77128467957027,100.91346408785806
2024-01-07 01:00:00,29.032888380589135,98.63638215126164,101.00778952379073
2024-01-07 02:00:00,25.07740844012953,86.51556678529214,100.4518624565524
2024-01-07 03:00:00,24.986086914610095,99.72852566741093,100.27997455870285
2024-01-07 04:00:00,28.740007418668675,98.84532734895662,101.79725253161249
2024-01-07 05:00:00,28.352478873953284,103.48103182406709,100.57651932584083
2024-01-07 06:00:00,10.0,109.24478047472672,100.50430382527185
2024-01-07 07:00:00,28.555353217832494,105.63282514773879,99.92330494319815
2024-01-07 08:00:00,26.543709572937477,98.65555654722584,100.68051912615525
2024-01-07 09:00:00,28.402310742380607,94.46737045629165,100.33845510329625
2024-01-07 10:00:00,28.55064964822836,112.8667990162493,101.82100758006818
2024-01-07 11:00:00,26.555093501280794,100.29609217007244,101.50490854467132
2024-01-07 12:00:00,31.727179058413327,100.06964645956474,100.65592482741114
2024-01-07 13:00:00,28.94764206174133,99.87937456444999,102.12621790267215
2024-01-07 14:00:00,25.61421703111402,100.99042380383928,101.4908827434958
2024-01-07 15:00:00,29.29928854904052,99.27819794038028,100.8375843082457
2024-01-07 16:00:00,26.0187113994155,97.13168996559882,99.75029714256321
2024-01-07 17:00:00,29.5167187143461,97.26570529379804,102.14547128629538
2024-01-07 18:00:00,30.226860590550068,99.83623364892001,100.30521376661821
2024-01-07 19:00:00,26.228152063251105,97.28287614433117,100.17730062652156
2024-01-07 20:00:00,29.748943928527964,96.43577108661418,101.51128521600482
2024-01-07 21:00:00,28.593374484591017,100.53215113845948,102.21987620316963
2024-01-07 22:00:00,29.350635821257857,98.72511391289572,101.69213640925526
2024-01-07 23:00:00,31.432039457900487,107.51996494291345,101.28195456002618
2024-01-08 00:00:00,27.073020492259104,86.74515095803494,101.29737717083265
2024-01-08 01:00:00,25.975259470610972,105.45753425961232,101.42670777939016
2024-01-08 02:00:00,25.616432478619426,106.23042596248814,101.37946429489338
2024-01-08 03:00:00,25.670582900671583,89.63304883795925,101.14059571198469
2024-01-08 04:00:00,27.048987874794133,98.28656202959826,101.05210055197594
2024-01-08 05:00:00,27.78097623544129,98.14279567002104,100.96870343605023
2024-01-08 06:00:00,27.542289288906588,92.9624415264109,100.62301770556667
2024-01-08 07:00:00,28.528538359334625,96.11091656204562,100.85966246156661
2024-01-08 08:00:00,26.7807553624311,94.44712077267086,100.15352159290231
2024-01-08 09:00:00,29.5380134853129,108.76135221711812,100.95083018660263
2024-01-08 10:00:00,25.973748902897743,104.6783919657373,100.50570444642455
2024-01-08 11:00:00,31.811761267284705,106.3577754749708,100.44820534139211
2024-01-08 12:00:00,27.487690151255283,103.60836032021618,101.08994707557675
2024-01-08 13:00:00,24.38388261975467,94.35474114391386,101.6960011431723
2024-01-08 14:00:00,23.81551009092583,97.37739866860113,101.45915830300116
2024-01-08 15:00:00,26.778944532827268,102.4468728061396,100.21474969818841
2024-01-08 16:00:00,25.221744171649043,93.88936095554027,100.50518593171483
2024-01-08 17:00:00,26.949669444325483,103.56499215086194,101.47038559399411
2024-01-08 18:00:00,26.319838519668274,98.79837300920933,100.50875630323084
2024-01-08 19:00:00,25.07846704585486,98.12589596225202,100.88768342500148
2024-01-08 20:00:00,23.380738840223263,103.55479984101746,101.27502604951228
2024-01-08 21:00:00,21.894647455197294,102.2213165574302,100.51582777256819
2024-01-08 22:00:00,23.88151673448053,98.1951691709046,101.05268775307297
2024-01-08 23:00:00,26.338112477296686,105.79664901682123,100.3329872525409
2024-01-09 00:00:00,24.905207144591472,94.59468336200051,100.69931617802439
2024-01-09 01:00:00,21.83855404508467,103.07967803472133,101.15989096707126
2024-01-09 02:00:00,24.531079972469538,102.96550628984193,100.20350313323416
2024-01-09 03:00:00,24.812077178590854,98.45226780343005,101.2202373689802
2024-01-09 04:00:00,22.13284773984195,101.63066511121059,100.99018110053666
2024-01-09 05:00:00,24.069881038139776,93.74443211807349,101.27624497720858
2024-01-09 06:00:00,23.743809755566037,104.6201350960345,101.11195706703234
2024-01-09 07:00:00,21.209844019801164,99.07548931778506,101.68207021498692
2024-01-09 08:00:00,24.083511388028455,200.0,101.06261225132396
2024-01-09 09:00:00,24.36573708030736,105.24504612918444,100.78529722943738
2024-01-09 10:00:00,25.290890539671906,96.4782815472862,101.06114875151614
2024-01-09 11:00:00,25.11769923641681,92.9576935181822,101.27164901451819
2024-01-09 12:00:00,20.14503720130519,92.21685413238048,101.02443003516285
2024-01-09 13:00:00,20.92025462895537,103.0300497567282,101.02029584560194
2024-01-09 14:00:00,23.727013105126574,93.59785323751859,100.64900415609662
2024-01-09 15:00:00,23.631308778621417,108.77397090992183,100.66854954122452
2024-01-09 16:00:00,23.546615965355134,89.59035296058138,100.29869736410015
2024-01-09 17:00:00,30.140974695145598,108.48228184145019,101.87478837159347
2024-01-09 18:00:00,23.502693741471322,101.05508733601309,100.37806838230436
2024-01-09 19:00:00,24.564041350484725,99.51643444064804,100.65354740110205
2024-01-09 20:00:00,24.139677262147984,97.27540456595526,100.6407963672154
2024-01-09 21:00:00,23.480139276756873,101.99568057176036,101.44746218847222
2024-01-09 22:00:00,21.499556461908746,99.81182648787576,100.85252516085399
2024-01-09 23:00:00,23.607944837224498,105.5165094100826,101.62387103633687
2024-01-10 00:00:00,20.51154088072538,100.5711382433102,100.66325468787807
2024-01-10 01:00:00,21.55809449902343,100.75150880730939,101.1394970811119
2024-01-10 02:00:00,21.04296414442266,98.18193893893073,100.58232647337012
2024-01-10 03:00:00,22.166863263091194,99.71527188139466,102.07257456388669
2024-01-10 04:00:00,26.629346513694905,101.5390088444603,100.40620079048524
2024-01-10 05:00:00,18.269911755388367,91.44915803671687,101.15491035511351
2024-01-10 06:00:00,23.38886261613706,93.25907288947144,101.31688844046604
2024-01-10 07:00:00,18.810268178377502,103.71632047011357,101.20689954872574
2024-01-10 08:00:00,21.118603080967183,100.85432719063971,100.90735617056114
2024-01-10 09:00:00,24.27447720140095,99.0800833182366,100.93508965013329
2024-01-10 10:00:00,22.26650228848466,100.09216966532696,101.02190573598955
2024-01-10 11:00:00,20.03097259110604,101.73790852680835,100.92649899918575
2024-01-10 12:00:00,20.811407004486036,97.30120159845319,101.48193955839746
2024-01-10 13:00:00,23.663655724528006,96.10847637298843,102.10526150079568
2024-01-10 14:00:00,20.91291021250044,100.9792262754884,100.72125410749608
2024-01-10 15:00:00,22.882308427904853,95.10813611192484,100.31509851021046
2024-01-10 16:00:00,22.6226578949015,102.04126377857236,100.95585897582437
2024-01-10 17:00:00,21.316606415134935,91.48708197881079,102.28985466882716
2024-01-10 18:00:00,27.00193742689355,105.14577818662822,100.59816271601514
2024-01-10 19:00:00,24.081843117154513,102.36298741206521,101.81955840272204
2024-01-10 20:00:00,18.86913957235342,101.28014867156938,101.83885040703822
2024-01-10 21:00:00,23.40295340295081,104.91345491972757,100.72320587914601
2024-01-10 22:00:00,21.822015733752124,108.32737222231289,101.28449153959264
2024-01-10 23:00:00,24.970634285341312,105.07185032509065,101.81419831156427
2024-01-11 00:00:00,21.805239769133294,90.79562884334177,100.81043612950626
2024-01-11 01:00:00,23.28934545187441,93.6021151663215,100.89820981994882
2024-01-11 02:00:00,24.66103216435711,96.8759071115216,100.70915954302568
2024-01-11 03:00:00,25.518178919792824,100.13045525105417,100.49262163465356
2024-01-11 04:00:00,21.524719339177963,102.58829510234561,100.675361227467
2024-01-11 05:00:00,23.397639463374723,96.37128093423267,100.38802986661887
2024-01-11 06:00:00,23.260414003580685,100.9338338223854,101.01704173412962
2024-01-11 07:00:00,23.04928267877099,96.22308533823339,100.61501338447069
2024-01-11 08:00:00,28.034095954217264,96.94241098504025,101.11689295589538
2024-01-11 09:00:00,25.461638997894536,92.96669451575889,100.22205217689819
2024-01-11 10:00:00,22.27926639927631,95.38383376944547,101.16544011610723
2024-01-11 11:00:00,26.78661424464053,93.24157697191833,101.41676448080446
2024-01-11 12:00:00,29.345181535688674,95.12063373511333,100.00313217871427
2024-01-11 13:00:00,27.31552633357562,105.2682089830392,101.18702828492378
2024-01-11 14:00:00,22.3609561923518,95.25300555584029,101.61383449623665
2024-01-11 15:00:00,24.5793292581609,113.16191032418695,100.3951794906544
2024-01-11 16:00:00,28.22835177367786,102.46658950440445,101.83628619341886
2024-01-11 17:00:00,24.424186653493962,100.92418061847437,101.20950950468303
2024-01-11 18:00:00,26.870062173705538,95.70821109909393,100.6474940721208
2024-01-11 19:00:00,27.672133610295944,103.50154939704495,100.97211546117114
2024-01-11 20:00:00,24.406640167323754,97.12181086881112,101.27916345626086
2024-01-11 21:00:00,26.275935409079064,100.6100490732268,101.03800269570621
2024-01-11 22:00:00,20.043449712978976,112.80042269134397,101.26937799622318
2024-01-11 23:00:00,24.60439321609752,99.51970050137675,100.53966320346032
2024-01-12 00:00:00,26.271084241335352,105.74636663142837,101.08468041201805
2024-01-12 01:00:00,24.39926659922502,96.48411787437057,100.2931427515475
2024-01-12 02:00:00,30.273531894453075,99.82505754751519,100.94438696932565
2024-01-12 03:00:00,24.25728212700273,108.85400317817755,100.5480461792676
2024-01-12 04:00:00,26.34103869646338,96.86516471106117,100.63223502870511
2024-01-12 05:00:00,27.580619948929165,109.06224278998465,101.61804658760522
2024-01-12 06:00:00,30.293899857787096,103.53875967727738,101.54565506029714
2024-01-12 07:00:00,24.62581633520324,97.18766612052866,101.30456906045359
2024-01-12 08:00:00,29.903812948879406,103.1620386952776,100.45384361766371
2024-01-12 09:00:00,27.67145400233308,104.86277224813365,100.8417957751526
2024-01-12 10:00:00,25.754846924829483,103.10904981108598,101.6065488499896
2024-01-12 11:00:00,28.702154276952424,92.14887640054772,101.07085845681995
2024-01-12 12:00:00,28.229206399479256,96.36431412087566,102.15966476999084
2024-01-12 13:00:00,26.676716690801936,98.76240682224248,101.19665891969719
2024-01-12 14:00:00,28.055626674164966,99.62783285449977,101.09602455824502
2024-01-12 15:00:00,27.176978831901508,103.10336048775339,100.84544176789875
2024-01-12 16:00:00,28.19885675758711,100.88850500466627,101.06677045239114
2024-01-12 17:00:00,29.312871450113587,93.32327820644949,100.92376508180973
2024-01-12 18:00:00,31.16996179853446,101.90098925502981,101.3540543383443
2024-01-12 19:00:00,25.52412197463751,103.05292872641911,101.47835115839729
2024-01-12 20:00:00,32.260146707461615,102.7989522396552,100.60700526974603
2024-01-12 21:00:00,24.076747704353284,105.4039036277731,100.3343835232211
2024-01-12 22:00:00,27.656745702752673,104.16961077274452,100.08189731344835
2024-01-12 23:00:00,29.1089436471892,102.29590039614219,101.25399566345627
2024-01-13 00:00:00,28.458957065117897,99.64917144270676,100.44831669691307
2024-01-13 01:00:00,26.608997460824856,91.69519533242004,99.92355470352376
2024-01-13 02:00:00,27.3884406658595,102.14809109566293,101.19428930226549
2024-01-13 03:00:00,26.76196171109975,101.03843843581555,102.2464997587164
2024-01-13 04:00:00,26.50564400253309,101.35789418597686,100.99696454423005
2024-01-13 05:00:00,29.313278110671305,93.61625712089845,101.41924538722581
2024-01-13 06:00:00,28.251271465358897,94.59471729795868,101.04091467927378
2024-01-13 07:00:00,26.068246099842774,105.26576426666452,100.95055517340442
2024-01-13 08:00:00,29.163955952992453,99.80222423071673,101.45953824149389
2024-01-13 09:00:00,27.884135496676947,103.40750348686312,100.85486272790567
2024-01-13 10:00:00,28.79436828621385,100.1415918806523,101.13369615703596
2024-01-13 11:00:00,28.321588845282005,100.14878069747873,101.16084890309801
2024-01-13 12:00:00,25.292873498627205,104.69141902988,100.66595477317847
2024-01-13 13:00:00,25.714157656302884,97.41977635891313,101.49602117476826
2024-01-13 14:00:00,28.208177819226492,100.48060388470492,100.91252012165229
2024-01-13 15:00:00,27.809118928028322,97.6886235564748,100.62212742025358
2024-01-13 16:00:00,26.417392878633105,97.82751886283842,101.2682549217852
2024-01-13 17:00:00,26.561021272347183,98.4541393826568,100.55076600910448
2024-01-13 18:00:00,28.745551510968685,101.11066885816857,101.01409057868456
2024-01-13 19:00:00,24.867959220939408,97.60625689168262,100.9954405016779
2024-01-13 20:00:00,27.003549832577185,106.2787806278676,101.54294778291579
2024-01-13 21:00:00,25.360949922902737,95.52696348890248,101.23734911643997
2024-01-13 22:00:00,25.184040039358948,99.0656417791932,100.98748652062743
2024-01-13 23:00:00,27.669475184294658,97.80134470862913,101.40888314960014
2024-01-14 00:00:00,26.97409365487439,107.23488942176867,101.69510377450865
2024-01-14 01:00:00,26.80081172143646,100.98277388255788,101.27890515317593
2024-01-14 02:00:00,27.63484716566647,105.15922269734317,101.0051763099217
2024-01-14 03:00:00,24.915934625108996,92.57219813481514,100.34408188382493
2024-01-14 04:00:00,26.088185391906883,101.33525132934629,100.46744316846231
2024-01-14 05:00:00,23.954787601387746,104.44815397811719,100.84738764782267
2024-01-14 06:00:00,25.075756960854317,100.41141994637712,100.69524389892035
2024-01-14 07:00:00,24.020672429613466,105.32740187532676,100.90651434850727
2024-01-14 08:00:00,24.33028197999024,97.41355774949814,101.02832496244855
2024-01-14 09:00:00,25.184094437598144,107.0467372009279,101.26484637717837
2024-01-14 10:00:00,22.21734438198103,111.49449061809625,100.96475061097046
2024-01-14 11:00:00,27.901430600234598,98.18580719780171,101.24325082191311
2024-01-14 12:00:00,21.570699277805197,97.77248739299614,101.03223720740506
2024-01-14 13:00:00,21.023977233970207,107.2669223855885,100.01226671682306
2024-01-14 14:00:00,25.642064933139796,107.89786072865357,100.53033230309062
2024-01-14 15:00:00,24.78684182081016,97.38569986423366,100.92795622213919
2024-01-14 16:00:00,24.333919587060468,97.89906591452072,100.39515262857945
2024-01-14 17:00:00,24.22931929471558,98.59107695569746,101.2999643649981
2024-01-14 18:00:00,22.8401504271988,93.27774744482862,101.76537541617185
2024-01-14 19:00:00,20.967488204622427,95.40674026757901,101.60938092584865
2024-01-14 20:00:00,22.816552880784556,94.97929616623966,100.8932785645349
2024-01-14 21:00:00,21.219403582691132,96.16101217447935,101.74536306842498
2024-01-14 22:00:00,24.438814132776262,99.8265755630661,101.07433372860106
2024-01-14 23:00:00,22.115584818572007,101.1710736626826,100.83145701444099
2024-01-15 00:00:00,20.686304505670464,107.75250246407039,100.69329866822953
2024-01-15 01:00:00,21.62878189967264,95.00822979630604,100.84876515675593
2024-01-15 02:00:00,23.03849087034814,104.92161199238292,100.80591159072938
2024-01-15 03:00:00,21.033220213467423,98.93005577887246,101.08520811118774
2024-01-15 04:00:00,20.471366733228468,99.75268145173783,101.08028699052493
2024-01-15 05:00:00,22.5655291317618,103.37409746083301,101.00152301007671
2024-01-15 06:00:00,22.537738126972513,94.3863898921885,101.21846908487318
2024-01-15 07:00:00,21.01094786005457,101.91204873092025,101.59532313739317
2024-01-15 08:00:00,21.067223190638565,100.83226104106528,101.47477706772067
2024-01-15 09:00:00,22.465340460637623,102.46225632004075,100.25755101577505
2024-01-15 10:00:00,19.104508023786316,101.44584321953909,99.72303943254903
2024-01-15 11:00:00,19.192682025102147,112.27650069955448,101.46715995561964
2024-01-15 12:00:00,20.585133416083227,96.81130007874341,100.31656065079228
2024-01-15 13:00:00,21.616983234349746,97.34501522499092,100.88761729905366
2024-01-15 14:00:00,22.694937114791536,96.88429736787617,100.41494348697032
2024-01-15 15:00:00,25.060394534069125,97.22261440419872,100.09900978120999
2024-01-15 16:00:00,23.868785752649668,96.81306436346742,101.27073136410239
2024-01-15 17:00:00,21.884488703682777,105.94508265553776,101.37957758015132
2024-01-15 18:00:00,22.22422023482107,107.10252123994927,100.71174479963663
2024-01-15 19:00:00,20.32192375094982,97.14626853125262,99.70447885392754
2024-01-15 20:00:00,22.36136718955848,95.83822213447885,100.72687777587376
2024-01-15 21:00:00,21.898989826476445,102.35707778193202,101.19590200270127
2024-01-15 22:00:00,23.205965785691713,97.23888477859515,100.26054421561294
2024-01-15 23:00:00,20.996385746495058,103.16465908877755,101.09167995988958
2024-01-16 00:00:00,23.785731288167316,101.01461510425649,100.9923450754135
2024-01-16 01:00:00,25.91433794280639,92.42127942501384,101.28964574980054
2024-01-16 02:00:00,22.738538406419785,107.73752600665031,101.05979018420707
2024-01-16 03:00:00,23.871789522841258,108.9793883654776,100.51346552955923
2024-01-16 04:00:00,24.565789516203374,96.93605654757806,101.59828575083225
2024-01-16 05:00:00,22.504731344342762,98.06149220032007,100.92073521348651
2024-01-16 06:00:00,23.881259194740636,101.42932695362452,100.98634773024503
2024-01-16 07:00:00,23.588077474071802,101.67228394993512,100.5333660204634
2024-01-16 08:00:00,23.89165533088197,103.29272136336415,100.77835887440425
2024-01-16 09:00:00,22.286952590562823,110.05102269383175,100.55759864298655
2024-01-16 10:00:00,24.021578493109047,99.11526386252976,100.91352697003829
2024-01-16 11:00:00,25.110708782956618,96.00851377730773,101.85585424007117
2024-01-16 12:00:00,27.16136623038022,93.10340385992737,100.31404942853432
2024-01-16 13:00:00,26.323839397883795,96.3453498002904,100.19321930106163
2024-01-16 14:00:00,28.859367837580518,99.83436513563102,101.7355851637468
2024-01-16 15:00:00,23.167130233527356,108.97278931758893,100.89533816142406
2024-01-16 16:00:00,26.596034350806253,97.41194350481915,100.66546363067005
2024-01-16 17:00:00,25.36801624681664,101.11893975819449,101.51995234369804
2024-01-16 18:00:00,29.53087392985578,99.91788551963624,100.69719223013156
2024-01-16 19:00:00,23.68422922941097,105.94196636724043,101.91300485677347
2024-01-16 20:00:00,23.770187944627306,112.63466212936811,101.33896293566963
2024-01-16 21:00:00,24.39852832205955,97.3456561353984,100.75604429592715
2024-01-16 22:00:00,21.495711175329262,97.5528027874089,102.07865410663275
2024-01-16 23:00:00,24.836323222237443,105.22080438534536,100.69714253849833
2024-01-17 00:00:00,24.51167946335229,103.40945744813156,101.37104768600466
2024-01-17 01:00:00,26.47026955469155,109.23353662868017,101.14964629020325
2024-01-17 02:00:00,26.989608032672997,102.91964092662982,101.6508706446994
2024-01-17 03:00:00,30.19178729892889,98.2035395460647,101.78075559836343
2024-01-17 04:00:00,28.47004497184519,102.95327415346155,101.01600207453288
2024-01-17 05:00:00,25.54121948310774,105.54351790291454,100.6232910648269
2024-01-17 06:00:00,25.01979026646209,104.10241090598682,101.22998607146955
2024-01-17 07:00:00,27.917510163952382,102.53637015553649,100.66114231512395
2024-01-17 08:00:00,24.40542444616312,105.33337344794577,102.00669362376331
2024-01-17 09:00:00,30.815913769506995,105.84647795222837,101.06826766554137
2024-01-17 10:00:00,29.613600487499017,106.91079495518764,100.81733922434394
2024-01-17 11:00:00,26.412457323725658,103.24354943794822,101.09234015293245
2024-01-17 12:00:00,24.01475215433956,99.16440959841573,100.32643685523516
2024-01-17 13:00:00,30.23287726366636,100.73356843216662,100.51419298074467
2024-01-17 14:00:00,27.373852611419764,106.03254483254179,101.60020695397222
2024-01-17 15:00:00,30.149858737287524,95.91532164506381,100.6715528605143
2024-01-17 16:00:00,24.54998043459415,101.8433665443645,100.47654450865903
2024-01-17 17:00:00,26.59784968209525,98.0333059383632,101.26832637626364
2024-01-17 18:00:00,27.857861060380053,100.14372411467409,101.5928520773315
2024-01-17 19:00:00,27.98499183014523,106.39225931303649,101.35947665533253
2024-01-17 20:00:00,27.02733061034244,100.95549534009952,101.49802384290291
2024-01-17 21:00:00,29.202275199390357,100.23218274078074,100.62160245571528
2024-01-17 22:00:00,25.84305835874253,93.2007192951004,100.28909466662908
2024-01-17 23:00:00,27.707819933301973,103.7312678301361,101.75066682597775
2024-01-18 00:00:00,28.239969963851806,103.22742090570537,100.83866008057893
2024-01-18 01:00:00,29.027559280924113,110.8162736165273,100.87458349177247
2024-01-18 02:00:00,29.413719139014177,98.461108825235,101.66409707092453
2024-01-18 03:00:00,25.725538303150117,101.0957516383197,101.27811500470033
2024-01-18 04:00:00,24.883491742384606,101.24691841855378,101.2279438860408
2024-01-18 05:00:00,30.476593561699328,107.88726639881737,102.08250117245055
2024-01-18 06:00:00,28.54808619746553,99.52352233806523,100.67824088480992
2024-01-18 07:00:00,26.341496212239505,101.39510762885169,101.46392006404062
2024-01-18 08:00:00,30.888689653276767,103.0394825485827,101.02850656244854
2024-01-18 09:00:00,27.958686874562588,100.9330456157818,101.13429613943163
2024-01-18 10:00:00,30.020066954204708,97.76783192724736,101.76423421320627
2024-01-18 11:00:00,27.723992233600384,100.97044996449154,101.25391787814482
2024-01-18 12:00:00,31.63146276537214,105.36815874929886,101.26914803952482
2024-01-18 13:00:00,30.93538663519906,94.8674235029447,101.53625366865491
2024-01-18 14:00:00,26.835454188445134,100.66484837073438,100.81752363522855
2024-01-18 15:00:00,29.179369681391222,96.49939592530413,100.58039516633049
2024-01-18 16:00:00,28.424235567888243,105.97523314462421,100.47759540298948
2024-01-18 17:00:00,29.7626700749431,92.38406547608113,100.016821705312
2024-01-18 18:00:00,24.982420867290507,97.20539076364206,102.02810356497017
2024-01-18 19:00:00,28.166451863438592,101.8860593753226,100.44839581713916
2024-01-18 20:00:00,28.78879413425216,107.8276201461717,100.88937318820712
2024-01-18 21:00:00,23.02788341264884,99.67124869463507,100.86159335005554
2024-01-18 22:00:00,24.04839998395104,97.22400236653401,101.15370334890456
2024-01-18 23:00:00,22.202470721901236,109.40578534720295,101.40786860626964
2024-01-19 00:00:00,25.604937806075704,92.75993049791877,101.43023674417988
2024-01-19 01:00:00,27.43879360106698,89.00597021689958,100.70846128071553
2024-01-19 02:00:00,28.865872058175242,102.20007225026666,100.9164391431068
2024-01-19 03:00:00,25.8646439329283,97.48972887823695,101.14128997524415
2024-01-19 04:00:00,28.827191118528894,94.89383591434644,100.87565443690822
2024-01-19 05:00:00,22.661838163015073,103.54178223649677,101.80367278800999
2024-01-19 06:00:00,21.866302369889233,101.219003568856,101.24548747581913
2024-01-19 07:00:00,25.012315494050156,97.17960684631636,101.36743889302491
2024-01-19 08:00:00,25.7415769700074,93.59847800664552,101.3314406343337
2024-01-19 09:00:00,24.758158127216657,104.36228664140073,101.58673692874267
2024-01-19 10:00:00,20.53920601364801,103.2510058897933,101.09051077935186
2024-01-19 11:00:00,24.34720732976026,99.50412068110309,100.35158402602208
2024-01-19 12:00:00,21.769051737170017,109.23318498023833,101.19984397587632
2024-01-19 13:00:00,25.571433864452075,94.64957616836924,100.67432155310408
2024-01-19 14:00:00,24.821302665760555,92.37237414537631,100.73569165912512
2024-01-19 15:00:00,22.066643267347967,96.54045965059377,101.29318200937755
2024-01-19 16:00:00,22.779599115962313,99.77206991822251,101.61914153571682
2024-01-19 17:00:00,21.552817063985234,101.21669724661346,101.01063578836803
2024-01-19 18:00:00,23.41311826807213,98.79381971071835,101.15441650629948
2024-01-19 19:00:00,25.319646506172994,101.76027698257148,101.85110747231762
2024-01-19 20:00:00,21.31277094200022,93.74230287904778,101.12037658974428
2024-01-19 21:00:00,24.17146578406175,107.2188230203663,102.3008415570902
2024-01-19 22:00:00,21.98659784625638,99.58924410803715,101.28275482281578
2024-01-19 23:00:00,21.34998894870042,105.58647915794064,100.11961862042209
2024-01-20 00:00:00,22.615455011958147,101.71362673188852,101.37667081055227
2024-01-20 01:00:00,20.658237285974646,102.28376609576893,101.19057919244139
2024-01-20 02:00:00,21.526306531379387,102.84883640116102,101.64487637704137
2024-01-20 03:00:00,20.148647322906598,102.23854280008658,101.33659067563498
2024-01-20 04:00:00,26.390789053307266,103.21361379933772,100.93077200800812
2024-01-20 05:00:00,22.455146901730252,106.64576265066216,100.38785088185531
2024-01-20 06:00:00,20.914986880555784,100.98260584850735,100.89548837135699
2024-01-20 07:00:00,22.678928323408506,103.54501878794257,100.57473977289536
2024-01-20 08:00:00,21.969714155034726,99.55132152856386,100.70973827509764
2024-01-20 09:00:00,21.702845421046494,107.20058607724737,101.29428920221031
2024-01-20 10:00:00,23.33066893737864,96.61803848970365,101.8349522521757
2024-01-20 11:00:00,23.58214452664754,109.00470216455408,101.19733576491149
2024-01-20 12:00:00,20.978251030417,99.79921024677829,100.4020584689824
2024-01-20 13:00:00,20.867141388192664,92.84612448940976,101.22230133411007
2024-01-20 14:00:00,21.45565052175852,100.64052207455394,101.59831574332283
2024-01-20 15:00:00,17.39637168900706,96.59474171262559,100.6951085478403
2024-01-20 16:00:00,18.971789899193013,104.20321774494361,100.93299141666354
2024-01-20 17:00:00,24.745371572293447,96.73688010348805,101.0073440973646
2024-01-20 18:00:00,25.3184788643111,97.7690828339261,100.60755084345888
2024-01-20 19:00:00,21.554818852001972,90.55229634527234,101.32414021692193
2024-01-20 20:00:00,23.237718588879943,97.73846840375461,100.9395259256961
2024-01-20 21:00:00,22.746105673543703,87.88060336685521,101.20976622195352
2024-01-20 22:00:00,28.32755717164681,92.08048588257138,100.55625391109895
2024-01-20 23:00:00,24.462209605056373,103.80207328072149,100.7812708498383
2024-01-21 00:00:00,22.027429731018596,103.92900079325416,101.36119067891389
2024-01-21 01:00:00,20.439179587438954,102.12728780892482,100.81358342395411
2024-01-21 02:00:00,19.21098635165507,95.16511928435393,101.8634819256167
2024-01-21 03:00:00,22.910863748336748,99.7614432192901,100.8001819071927
2024-01-21 04:00:00,21.07753132934953,99.98198730454716,101.11234236287595
2024-01-21 05:00:00,19.83804490700634,94.20817655403728,101.46629541593654
2024-01-21 06:00:00,21.487518476281267,107.51699150883576,100.29081713353348
2024-01-21 07:00:00,20.721227339682525,104.38681145287836,100.11959559400961
2024-01-21 08:00:00,26.367553809011056,98.89517913085169,100.23717184271496
2024-01-21 09:00:00,24.87051302328778,100.13442919497265,101.63129205171359
2024-01-21 10:00:00,23.20998212777139,101.04191403973776,100.72407092705377
2024-01-21 11:00:00,26.30894384675527,89.79132565787855,102.27909964283413
2024-01-21 12:00:00,23.631046844123368,98.76411308739702,100.7178762006713
2024-01-21 13:00:00,21.884804916930147,96.59007876001101,101.09227565159851
2024-01-21 14:00:00,26.78816540631962,94.99189995052542,101.77105497628393
2024-01-21 15:00:00,24.957425823016973,98.59449853557022,102.00304644407956
2024-01-21 16:00:00,21.945602313032918,108.98843263424762,102.0307517883182
2024-01-21 17:00:00,23.782355404677727,103.20421430633505,101.60418311529656
2024-01-21 18:00:00,22.556826375448296,97.14410505108602,101.51203126290574
2024-01-21 19:00:00,21.689223024102592,102.86291390678079,101.2962634746006
